id,label
22430,0
22431,4
22432,10
22433,18
22434,8
22435,10
22436,0
22437,5
22438,13
22439,17
22440,17
22441,0
22442,3
22443,19
22444,2
22445,1
22446,18
22447,7
22448,6
22449,1
22450,8
22451,4
22452,12
22453,13
22454,0
22455,6
22456,9
22457,17
22458,7
22459,15
22460,9
22461,19
22462,14
22463,11
22464,15
22465,8
22466,17
22467,18
22468,12
22469,1
22470,11
22471,9
22472,6
22473,18
22474,9
22475,8
22476,19
22477,15
22478,9
22479,16
22480,19
22481,17
22482,15
22483,12
22484,0
22485,11
22486,9
22487,7
22488,6
22489,17
22490,12
22491,5
22492,9
22493,3
22494,13
22495,19
22496,4
22497,13
22498,14
22499,13
22500,12
22501,16
22502,1
22503,0
22504,19
22505,17
22506,3
22507,14
22508,3
22509,15
22510,2
22511,9
22512,12
22513,6
22514,18
22515,0
22516,4
22517,3
22518,1
22519,0
22520,9
22521,5
22522,5
22523,11
22524,12
22525,8
22526,3
22527,17
22528,10
22529,8
22530,7
22531,0
22532,17
22533,4
22534,0
22535,7
22536,0
22537,9
22538,10
22539,4
22540,5
22541,19
22542,17
22543,9
22544,13
22545,9
22546,2
22547,1
22548,9
22549,2
22550,18
22551,10
22552,15
22553,13
22554,16
22555,3
22556,8
22557,13
22558,2
22559,12
22560,14
22561,8
22562,17
22563,18
22564,6
22565,0
22566,17
22567,18
22568,9
22569,15
22570,12
22571,2
22572,6
22573,17
22574,4
22575,13
22576,6
22577,0
22578,1
22579,19
22580,14
22581,9
22582,2
22583,13
22584,3
22585,16
22586,8
22587,15
22588,13
22589,5
22590,3
22591,4
22592,19
22593,8
22594,7
22595,0
22596,15
22597,7
22598,0
22599,16
22600,4
22601,17
22602,18
22603,2
22604,14
22605,5
22606,2
22607,8
22608,4
22609,18
22610,6
22611,13
22612,11
22613,9
22614,5
22615,3
22616,10
22617,9
22618,15
22619,9
22620,0
22621,17
22622,17
22623,1
22624,17
22625,19
22626,18
22627,10
22628,2
22629,15
22630,14
22631,13
22632,11
22633,6
22634,6
22635,3
22636,15
22637,7
22638,4
22639,1
22640,0
22641,0
22642,17
22643,5
22644,18
22645,15
22646,17
22647,16
22648,12
22649,8
22650,8
22651,2
22652,19
22653,8
22654,19
22655,19
22656,19
22657,6
22658,2
22659,13
22660,12
22661,7
22662,5
22663,17
22664,4
22665,3
22666,18
22667,10
22668,16
22669,0
22670,19
22671,17
22672,18
22673,1
22674,19
22675,19
22676,18
22677,11
22678,1
22679,4
22680,12
22681,6
22682,13
22683,3
22684,15
22685,18
22686,0
22687,17
22688,4
22689,12
22690,8
22691,13
22692,5
22693,4
22694,11
22695,1
22696,15
22697,15
22698,10
22699,10
22700,8
22701,18
22702,12
22703,3
22704,8
22705,18
22706,1
22707,1
22708,6
22709,10
22710,17
22711,5
22712,15
22713,11
22714,2
22715,19
22716,16
22717,5
22718,10
22719,10
22720,13
22721,19
22722,18
22723,3
22724,19
22725,1
22726,16
22727,18
22728,14
22729,12
22730,1
22731,6
22732,3
22733,10
22734,15
22735,8
22736,0
22737,9
22738,19
22739,6
22740,5
22741,6
22742,18
22743,16
22744,9
22745,7
22746,7
22747,6
22748,10
22749,14
22750,4
22751,1
22752,5
22753,6
22754,3
22755,4
22756,7
22757,16
22758,15
22759,5
22760,5
22761,2
22762,12
22763,13
22764,8
22765,19
22766,0
22767,14
22768,5
22769,17
22770,18
22771,15
22772,5
22773,0
22774,5
22775,7
22776,2
22777,12
22778,2
22779,8
22780,5
22781,15
22782,11
22783,8
22784,15
22785,7
22786,3
22787,16
22788,7
22789,17
22790,9
22791,14
22792,15
22793,18
22794,17
22795,19
22796,2
22797,7
22798,17
22799,4
22800,18
22801,13
22802,14
22803,12
22804,10
22805,17
22806,0
22807,10
22808,5
22809,12
22810,15
22811,8
22812,16
22813,18
22814,15
22815,7
22816,13
22817,12
22818,3
22819,5
22820,1
22821,0
22822,13
22823,16
22824,9
22825,7
22826,5
22827,2
22828,11
22829,1
22830,12
22831,18
22832,11
22833,12
22834,9
22835,5
22836,5
22837,19
22838,18
22839,17
22840,3
22841,9
22842,7
22843,9
22844,19
22845,4
22846,5
22847,12
22848,19
22849,0
22850,9
22851,7
22852,9
22853,15
22854,13
22855,0
22856,8
22857,8
22858,1
22859,6
22860,0
22861,12
22862,1
22863,13
22864,17
22865,18
22866,3
22867,13
22868,16
22869,13
22870,1
22871,19
22872,15
22873,3
22874,5
22875,16
22876,5
22877,8
22878,14
22879,7
22880,18
22881,5
22882,4
22883,17
22884,2
22885,6
22886,19
22887,3
22888,3
22889,5
22890,9
22891,12
22892,9
22893,14
22894,12
22895,5
22896,12
22897,5
22898,17
22899,7
22900,19
22901,3
22902,7
22903,3
22904,14
22905,12
22906,7
22907,5
22908,7
22909,18
22910,2
22911,15
22912,15
22913,16
22914,11
22915,15
22916,8
22917,2
22918,4
22919,3
22920,12
22921,6
22922,0
22923,8
22924,13
22925,2
22926,18
22927,1
22928,18
22929,12
22930,16
22931,11
22932,17
22933,12
22934,13
22935,5
22936,14
22937,13
22938,7
22939,6
22940,6
22941,7
22942,0
22943,1
22944,8
22945,14
22946,17
22947,5
22948,12
22949,9
22950,10
22951,12
22952,13
22953,1
22954,12
22955,7
22956,17
22957,11
22958,18
22959,6
22960,5
22961,14
22962,19
22963,19
22964,14
22965,3
22966,14
22967,15
22968,2
22969,13
22970,5
22971,8
22972,3
22973,17
22974,5
22975,1
22976,14
22977,11
22978,3
22979,5
22980,18
22981,18
22982,18
22983,12
22984,9
22985,15
22986,15
22987,8
22988,5
22989,3
22990,2
22991,10
22992,11
22993,3
22994,8
22995,7
22996,16
22997,2
22998,16
22999,18
23000,11
23001,11
23002,0
23003,5
23004,5
23005,17
23006,17
23007,0
23008,6
23009,9
23010,6
23011,5
23012,10
23013,7
23014,18
23015,7
23016,4
23017,15
23018,17
23019,10
23020,12
23021,8
23022,18
23023,19
23024,0
23025,7
23026,10
23027,17
23028,3
23029,11
23030,15
23031,3
23032,12
23033,11
23034,12
23035,2
23036,10
23037,8
23038,5
23039,0
23040,14
23041,4
23042,16
23043,2
23044,10
23045,14
23046,8
23047,7
23048,12
23049,14
23050,10
23051,19
23052,0
23053,18
23054,16
23055,3
23056,17
23057,13
23058,9
23059,7
23060,18
23061,2
23062,10
23063,15
23064,9
23065,18
23066,11
23067,6
23068,0
23069,4
23070,18
23071,18
23072,8
23073,15
23074,5
23075,16
23076,19
23077,13
23078,10
23079,8
23080,5
23081,16
23082,9
23083,12
23084,15
23085,5
23086,3
23087,8
23088,13
23089,1
23090,18
23091,18
23092,7
23093,19
23094,12
23095,0
23096,1
23097,12
23098,2
23099,8
23100,7
23101,5
23102,6
23103,7
23104,1
23105,8
23106,5
23107,14
23108,12
23109,19
23110,19
23111,0
23112,9
23113,7
23114,16
23115,18
23116,6
23117,10
23118,14
23119,18
23120,0
23121,3
23122,12
23123,9
23124,9
23125,9
23126,2
23127,10
23128,1
23129,16
23130,13
23131,4
23132,0
23133,9
23134,18
23135,1
23136,17
23137,0
23138,16
23139,6
23140,4
23141,12
23142,7
23143,5
23144,11
23145,13
23146,7
23147,0
23148,8
23149,19
23150,7
23151,16
23152,11
23153,0
23154,7
23155,11
23156,16
23157,4
23158,15
23159,9
23160,7
23161,4
23162,17
23163,13
23164,13
23165,15
23166,12
23167,13
23168,12
23169,14
23170,13
23171,4
23172,12
23173,16
23174,8
23175,7
23176,0
23177,13
23178,19
23179,8
23180,12
23181,5
23182,5
23183,1
23184,10
23185,13
23186,5
23187,13
23188,0
23189,15
23190,2
23191,17
23192,16
23193,9
23194,0
23195,10
23196,11
23197,15
23198,18
23199,15
23200,17
23201,0
23202,8
23203,15
23204,9
23205,5
23206,2
23207,12
23208,15
23209,1
23210,7
23211,4
23212,9
23213,12
23214,12
23215,8
23216,2
23217,9
23218,17
23219,2
23220,13
23221,13
23222,3
23223,4
23224,9
23225,5
23226,13
23227,13
23228,7
23229,12
23230,14
23231,7
23232,3
23233,7
23234,15
23235,0
23236,6
23237,17
23238,18
23239,18
23240,2
23241,15
23242,12
23243,2
23244,9
23245,14
23246,13
23247,8
23248,3
23249,13
23250,9
23251,1
23252,9
23253,0
23254,17
23255,1
23256,3
23257,19
23258,8
23259,4
23260,14
23261,16
23262,6
23263,1
23264,17
23265,1
23266,13
23267,1
23268,8
23269,0
23270,9
23271,5
23272,19
23273,10
23274,0
23275,7
23276,10
23277,3
23278,16
23279,18
23280,7
23281,4
23282,3
23283,14
23284,3
23285,6
23286,8
23287,8
23288,3
23289,14
23290,11
23291,15
23292,2
23293,19
23294,13
23295,1
23296,3
23297,19
23298,5
23299,13
23300,3
23301,8
23302,19
23303,7
23304,3
23305,0
23306,6
23307,8
23308,13
23309,1
23310,2
23311,17
23312,1
23313,7
23314,15
23315,6
23316,10
23317,4
23318,17
23319,15
23320,18
23321,9
23322,16
23323,3
23324,18
23325,18
23326,13
23327,1
23328,11
23329,17
23330,13
23331,13
23332,15
23333,9
23334,14
23335,4
23336,8
23337,1
23338,8
23339,12
23340,6
23341,6
23342,5
23343,12
23344,5
23345,17
23346,2
23347,0
23348,1
23349,3
23350,9
23351,19
23352,12
23353,15
23354,12
23355,19
23356,15
23357,8
23358,8
23359,10
23360,1
23361,6
23362,4
23363,17
23364,8
23365,9
23366,6
23367,13
23368,13
23369,7
23370,6
23371,16
23372,4
23373,0
23374,16
23375,19
23376,0
23377,5
23378,13
23379,8
23380,2
23381,18
23382,4
23383,12
23384,18
23385,10
23386,10
23387,14
23388,15
23389,7
23390,13
23391,0
23392,10
23393,1
23394,12
23395,19
23396,17
23397,7
23398,19
23399,6
23400,5
23401,7
23402,3
23403,0
23404,5
23405,5
23406,15
23407,13
23408,9
23409,18
23410,18
23411,12
23412,3
23413,10
23414,0
23415,0
23416,17
23417,17
23418,16
23419,14
23420,13
23421,5
23422,10
23423,9
23424,8
23425,9
23426,3
23427,3
23428,9
23429,1
23430,17
23431,2
23432,15
23433,2
23434,11
23435,14
23436,9
23437,8
23438,4
23439,10
23440,15
23441,7
23442,17
23443,13
23444,10
23445,12
23446,8
23447,8
23448,17
23449,8
23450,3
23451,15
23452,13
23453,3
23454,0
23455,12
23456,1
23457,18
23458,4
23459,16
23460,13
23461,7
23462,11
23463,4
23464,3
23465,17
23466,1
23467,18
23468,7
23469,1
23470,6
23471,15
23472,13
23473,3
23474,17
23475,6
23476,5
23477,15
23478,1
23479,7
23480,9
23481,13
23482,7
23483,1
23484,13
23485,7
23486,7
23487,10
23488,19
23489,12
23490,19
23491,15
23492,16
23493,3
23494,2
23495,11
23496,8
23497,15
23498,2
23499,8
23500,0
23501,4
23502,9
23503,4
23504,5
23505,15
23506,8
23507,16
23508,3
23509,19
23510,0
23511,6
23512,18
23513,6
23514,7
23515,15
23516,14
23517,12
23518,1
23519,4
23520,14
23521,7
23522,15
23523,0
23524,17
23525,19
23526,6
23527,2
23528,7
23529,16
23530,2
23531,15
23532,12
23533,7
23534,6
23535,19
23536,7
23537,5
23538,7
23539,0
23540,7
23541,0
23542,0
23543,3
23544,14
23545,5
23546,12
23547,0
23548,13
23549,1
23550,3
23551,13
23552,2
23553,12
23554,15
23555,15
23556,12
23557,13
23558,13
23559,2
23560,14
23561,6
23562,0
23563,6
23564,10
23565,13
23566,7
23567,11
23568,4
23569,12
23570,2
23571,3
23572,5
23573,5
23574,6
23575,18
23576,6
23577,8
23578,10
23579,17
23580,7
23581,11
23582,19
23583,13
23584,9
23585,17
23586,5
23587,13
23588,5
23589,1
23590,17
23591,10
23592,2
23593,18
23594,15
23595,14
23596,0
23597,15
23598,9
23599,10
23600,18
23601,13
23602,6
23603,18
23604,2
23605,18
23606,1
23607,18
23608,0
23609,19
23610,0
23611,5
23612,13
23613,18
23614,10
23615,15
23616,3
23617,3
23618,14
23619,12
23620,12
23621,10
23622,3
23623,10
23624,17
23625,9
23626,9
23627,9
23628,13
23629,1
23630,16
23631,15
23632,8
23633,9
23634,18
23635,10
23636,18
23637,2
23638,12
23639,4
23640,12
23641,5
23642,16
23643,1
23644,18
23645,2
23646,8
23647,13
23648,17
23649,8
23650,5
23651,7
23652,13
23653,17
23654,18
23655,12
23656,15
23657,8
23658,4
23659,19
23660,15
23661,0
23662,8
23663,2
23664,3
23665,1
23666,12
23667,3
23668,19
23669,5
23670,14
23671,4
23672,13
23673,19
23674,12
23675,17
23676,7
23677,2
23678,14
23679,16
23680,15
23681,1
23682,0
23683,12
23684,18
23685,13
23686,4
23687,7
23688,15
23689,19
23690,4
23691,15
23692,3
23693,4
23694,16
23695,1
23696,18
23697,13
23698,8
23699,5
23700,8
23701,1
23702,0
23703,15
23704,18
23705,15
23706,2
23707,5
23708,13
23709,1
23710,1
23711,10
23712,9
23713,19
23714,1
23715,7
23716,12
23717,8
23718,18
23719,5
23720,18
23721,18
23722,15
23723,14
23724,3
23725,14
23726,19
23727,6
23728,2
23729,1
23730,3
23731,7
23732,17
23733,3
23734,0
23735,6
23736,7
23737,17
23738,12
23739,1
23740,7
23741,10
23742,9
23743,5
23744,17
23745,10
23746,8
23747,0
23748,8
23749,18
23750,3
23751,12
23752,0
23753,1
23754,12
23755,5
23756,7
23757,19
23758,7
23759,18
23760,8
23761,11
23762,3
23763,3
23764,9
23765,14
23766,2
23767,3
23768,18
23769,12
23770,2
23771,18
23772,6
23773,10
23774,14
23775,15
23776,5
23777,17
23778,17
23779,4
23780,4
23781,14
23782,0
23783,14
23784,14
23785,0
23786,2
23787,8
23788,2
23789,3
23790,8
23791,13
23792,8
23793,5
23794,18
23795,18
23796,7
23797,3
23798,5
23799,2
23800,8
23801,0
23802,18
23803,4
23804,12
23805,8
23806,12
23807,16
23808,10
23809,4
23810,11
23811,0
23812,12
23813,7
23814,18
23815,3
23816,18
23817,10
23818,8
23819,18
23820,9
23821,19
23822,4
23823,12
23824,15
23825,18
23826,0
23827,5
23828,8
23829,6
23830,10
23831,13
23832,2
23833,0
23834,10
23835,11
23836,12
23837,1
23838,16
23839,9
23840,14
23841,8
23842,10
23843,3
23844,18
23845,17
23846,18
23847,3
23848,4
23849,18
23850,6
23851,14
23852,13
23853,3
23854,15
23855,5
23856,1
23857,16
23858,5
23859,10
23860,3
23861,0
23862,7
23863,7
23864,8
23865,17
23866,6
23867,1
23868,5
23869,17
23870,0
23871,8
23872,15
23873,18
23874,3
23875,10
23876,2
23877,8
23878,7
23879,13
23880,4
23881,11
23882,8
23883,12
23884,17
23885,9
23886,4
23887,17
23888,13
23889,15
23890,6
23891,7
23892,13
23893,11
23894,3
23895,12
23896,12
23897,9
23898,10
23899,8
23900,5
23901,2
23902,17
23903,14
23904,18
23905,5
23906,14
23907,1
23908,11
23909,11
23910,10
23911,17
23912,12
23913,8
23914,13
23915,19
23916,3
23917,12
23918,0
23919,2
23920,0
23921,12
23922,11
23923,18
23924,14
23925,1
23926,10
23927,12
23928,18
23929,8
23930,16
23931,9
23932,18
23933,17
23934,12
23935,9
23936,2
23937,7
23938,8
23939,19
23940,0
23941,9
23942,11
23943,4
23944,17
23945,17
23946,14
23947,2
23948,13
23949,0
23950,19
23951,13
23952,7
23953,15
23954,15
23955,10
23956,4
23957,7
23958,18
23959,1
23960,13
23961,7
23962,1
23963,7
23964,17
23965,15
23966,18
23967,5
23968,8
23969,16
23970,0
23971,1
23972,12
23973,16
23974,9
23975,2
23976,7
23977,18
23978,5
23979,13
23980,12
23981,18
23982,10
23983,18
23984,7
23985,17
23986,18
23987,6
23988,12
23989,14
23990,17
23991,7
23992,7
23993,19
23994,7
23995,4
23996,19
23997,4
23998,7
23999,12
24000,15
24001,14
24002,19
24003,13
24004,19
24005,10
24006,14
24007,4
24008,3
24009,10
24010,0
24011,3
24012,19
24013,6
24014,0
24015,9
24016,16
24017,8
24018,3
24019,15
24020,11
24021,4
24022,18
24023,3
24024,3
24025,5
24026,19
24027,17
24028,2
24029,3
24030,3
24031,18
24032,3
24033,1
24034,6
24035,17
24036,10
24037,8
24038,12
24039,12
24040,7
24041,16
24042,10
24043,3
24044,15
24045,13
24046,12
24047,5
24048,13
24049,18
24050,8
24051,6
24052,12
24053,7
24054,7
24055,6
24056,9
24057,5
24058,13
24059,15
24060,8
24061,15
24062,4
24063,3
24064,5
24065,10
24066,19
24067,4
24068,8
24069,8
24070,13
24071,14
24072,12
24073,6
24074,9
24075,18
24076,12
24077,12
24078,1
24079,5
24080,15
24081,5
24082,5
24083,15
24084,16
24085,10
24086,18
24087,14
24088,13
24089,18
24090,12
24091,14
24092,6
24093,12
24094,1
24095,13
24096,7
24097,6
24098,10
24099,15
24100,7
24101,4
24102,11
24103,9
24104,12
24105,8
24106,7
24107,18
24108,13
24109,18
24110,16
24111,12
24112,8
24113,19
24114,0
24115,17
24116,17
24117,13
24118,19
24119,17
24120,8
24121,17
24122,7
24123,17
24124,11
24125,11
24126,17
24127,0
24128,6
24129,17
24130,17
24131,14
24132,7
24133,13
24134,1
24135,17
24136,16
24137,19
24138,3
24139,9
24140,19
24141,13
24142,1
24143,0
24144,17
24145,16
24146,18
24147,18
24148,4
24149,10
24150,18
24151,18
24152,1
24153,0
24154,3
24155,3
24156,7
24157,0
24158,12
24159,11
24160,12
24161,0
24162,12
24163,8
24164,10
24165,18
24166,4
24167,9
24168,16
24169,15
24170,14
24171,16
24172,12
24173,18
24174,19
24175,12
24176,6
24177,7
24178,12
24179,7
24180,16
24181,17
24182,5
24183,3
24184,15
24185,3
24186,5
24187,16
24188,18
24189,4
24190,1
24191,17
24192,17
24193,16
24194,12
24195,11
24196,1
24197,18
24198,13
24199,4
24200,19
24201,8
24202,10
24203,3
24204,10
24205,16
24206,11
24207,1
24208,13
24209,15
24210,4
24211,2
24212,14
24213,17
24214,16
24215,8
24216,18
24217,3
24218,4
24219,18
24220,11
24221,16
24222,9
24223,4
24224,8
24225,12
24226,8
24227,19
24228,18
24229,11
24230,12
24231,16
24232,11
24233,5
24234,2
24235,14
24236,8
24237,13
24238,19
24239,2
24240,3
24241,5
24242,19
24243,13
24244,14
24245,8
24246,8
24247,3
24248,4
24249,7
24250,19
24251,3
24252,12
24253,13
24254,13
24255,5
24256,14
24257,2
24258,6
24259,1
24260,10
24261,7
24262,4
24263,8
24264,2
24265,5
24266,9
24267,11
24268,4
24269,13
24270,12
24271,7
24272,10
24273,0
24274,12
24275,15
24276,16
24277,12
24278,16
24279,7
24280,12
24281,17
24282,12
24283,4
24284,17
24285,3
24286,18
24287,15
24288,7
24289,10
24290,2
24291,10
24292,18
24293,16
24294,17
24295,14
24296,13
24297,18
24298,10
24299,5
24300,18
24301,19
24302,18
24303,2
24304,8
24305,5
24306,8
24307,9
24308,18
24309,14
24310,18
24311,8
24312,6
24313,3
24314,17
24315,13
24316,14
24317,3
24318,13
24319,13
24320,1
24321,10
24322,8
24323,18
24324,15
24325,17
24326,13
24327,4
24328,4
24329,15
24330,3
24331,3
24332,12
24333,15
24334,0
24335,6
24336,4
24337,14
24338,6
24339,2
24340,0
24341,0
24342,17
24343,13
24344,15
24345,3
24346,14
24347,9
24348,11
24349,3
24350,4
24351,13
24352,0
24353,19
24354,6
24355,9
24356,18
24357,5
24358,0
24359,13
24360,12
24361,6
24362,8
24363,6
24364,15
24365,5
24366,12
24367,13
24368,1
24369,17
24370,7
24371,10
24372,2
24373,12
24374,0
24375,6
24376,0
24377,10
24378,5
24379,5
24380,5
24381,8
24382,7
24383,13
24384,13
24385,17
24386,8
24387,15
24388,19
24389,18
24390,9
24391,10
24392,17
24393,19
24394,11
24395,0
24396,3
24397,7
24398,3
24399,5
24400,15
24401,5
24402,18
24403,11
24404,12
24405,6
24406,15
24407,0
24408,16
24409,17
24410,2
24411,5
24412,1
24413,7
24414,3
24415,1
24416,7
24417,8
24418,7
24419,12
24420,14
24421,15
24422,13
24423,0
24424,7
24425,12
24426,19
24427,13
24428,5
24429,17
24430,8
24431,16
24432,17
24433,3
24434,9
24435,1
24436,3
24437,8
24438,12
24439,4
24440,12
24441,13
24442,1
24443,0
24444,13
24445,15
24446,13
24447,2
24448,18
24449,10
24450,0
24451,15
24452,9
24453,1
24454,9
24455,15
24456,7
24457,18
24458,10
24459,13
24460,15
24461,17
24462,3
24463,13
24464,1
24465,10
24466,14
24467,1
24468,1
24469,14
24470,2
24471,14
24472,7
24473,16
24474,1
24475,10
24476,5
24477,6
24478,13
24479,14
24480,8
24481,6
24482,6
24483,4
24484,19
24485,5
24486,16
24487,3
24488,8
24489,9
24490,7
24491,4
24492,17
24493,18
24494,5
24495,17
24496,8
24497,3
24498,7
24499,10
24500,2
24501,4
24502,13
24503,8
24504,18
24505,4
24506,2
24507,3
24508,13
24509,18
24510,1
24511,7
24512,14
24513,5
24514,1
24515,8
24516,15
24517,12
24518,4
24519,2
24520,13
24521,3
24522,6
24523,7
24524,12
24525,10
24526,12
24527,6
24528,18
24529,1
24530,17
24531,17
24532,13
24533,9
24534,19
24535,5
24536,4
24537,9
24538,5
24539,16
24540,0
24541,2
24542,4
24543,18
24544,4
24545,4
24546,13
24547,18
24548,19
24549,17
24550,0
24551,6
24552,6
24553,2
24554,10
24555,5
24556,10
24557,5
24558,12
24559,10
24560,3
24561,9
24562,5
24563,0
24564,19
24565,17
24566,14
24567,13
24568,8
24569,15
24570,8
24571,18
24572,16
24573,4
24574,2
24575,12
24576,6
24577,17
24578,15
24579,9
24580,5
24581,15
24582,0
24583,17
24584,17
24585,4
24586,14
24587,17
24588,0
24589,17
24590,18
24591,1
24592,14
24593,18
24594,10
24595,10
24596,15
24597,16
24598,9
24599,13
24600,15
24601,10
24602,2
24603,7
24604,2
24605,10
24606,19
24607,14
24608,11
24609,6
24610,13
24611,0
24612,7
24613,16
24614,5
24615,2
24616,1
24617,7
24618,8
24619,8
24620,8
24621,19
24622,4
24623,13
24624,13
24625,15
24626,8
24627,18
24628,13
24629,16
24630,9
24631,12
24632,14
24633,13
24634,13
24635,0
24636,6
24637,16
24638,18
24639,17
24640,10
24641,3
24642,5
24643,7
24644,13
24645,9
24646,18
24647,7
24648,15
24649,19
24650,15
24651,17
24652,1
24653,4
24654,0
24655,13
24656,2
24657,19
24658,12
24659,13
24660,5
24661,9
24662,0
24663,4
24664,10
24665,17
24666,14
24667,4
24668,2
24669,7
24670,6
24671,11
24672,15
24673,7
24674,19
24675,17
24676,3
24677,18
24678,6
24679,5
24680,9
24681,19
24682,8
24683,0
24684,13
24685,18
24686,5
24687,19
24688,19
24689,15
24690,14
24691,17
24692,0
24693,8
24694,7
24695,8
24696,5
24697,5
24698,8
24699,7
24700,17
24701,9
24702,2
24703,17
24704,1
24705,6
24706,12
24707,15
24708,3
24709,13
24710,16
24711,2
24712,17
24713,6
24714,15
24715,12
24716,10
24717,15
24718,7
24719,1
24720,17
24721,17
24722,8
24723,7
24724,11
24725,14
24726,8
24727,10
24728,12
24729,13
24730,7
24731,16
24732,11
24733,8
24734,17
24735,8
24736,5
24737,11
24738,13
24739,17
24740,11
24741,11
24742,17
24743,14
24744,9
24745,3
24746,3
24747,10
24748,5
24749,7
24750,16
24751,7
24752,5
24753,7
24754,7
24755,12
24756,7
24757,3
24758,9
24759,0
24760,16
24761,5
24762,1
24763,8
24764,18
24765,9
24766,2
24767,11
24768,0
24769,14
24770,14
24771,14
24772,1
24773,5
24774,12
24775,12
24776,4
24777,12
24778,16
24779,12
24780,0
24781,12
24782,1
24783,1
24784,16
24785,18
24786,6
24787,3
24788,3
24789,4
24790,1
24791,15
24792,11
24793,9
24794,15
24795,13
24796,12
24797,13
24798,8
24799,2
24800,1
24801,4
24802,9
24803,7
24804,8
24805,5
24806,8
24807,12
24808,17
24809,12
24810,10
24811,4
24812,0
24813,12
24814,13
24815,17
24816,4
24817,12
24818,16
24819,6
24820,5
24821,9
24822,19
24823,9
24824,2
24825,15
24826,18
24827,16
24828,4
24829,17
24830,17
24831,13
24832,13
24833,12
24834,15
24835,4
24836,4
24837,16
24838,8
24839,15
24840,7
24841,13
24842,5
24843,3
24844,16
24845,17
24846,12
24847,15
24848,5
24849,16
24850,9
24851,1
24852,18
24853,3
24854,10
24855,7
24856,5
24857,3
24858,13
24859,18
24860,6
24861,1
24862,3
24863,18
24864,5
24865,5
24866,13
24867,4
24868,6
24869,11
24870,1
24871,19
24872,19
24873,8
24874,13
24875,15
24876,2
24877,0
24878,17
24879,15
24880,16
24881,10
24882,18
24883,6
24884,14
24885,5
24886,9
24887,16
24888,13
24889,13
24890,15
24891,18
24892,0
24893,6
24894,1
24895,19
24896,12
24897,4
24898,12
24899,6
24900,5
24901,10
24902,2
24903,15
24904,17
24905,7
24906,7
24907,7
24908,7
24909,2
24910,16
24911,0
24912,12
24913,3
24914,12
24915,0
24916,2
24917,11
24918,13
24919,13
24920,18
24921,2
24922,0
24923,15
24924,0
24925,5
24926,7
24927,5
24928,1
24929,5
24930,17
24931,2
24932,2
24933,5
24934,16
24935,1
24936,18
24937,18
24938,5
24939,10
24940,7
24941,8
24942,12
24943,3
24944,16
24945,18
24946,19
24947,4
24948,10
24949,6
24950,17
24951,18
24952,11
24953,14
24954,3
24955,1
24956,2
24957,7
24958,13
24959,17
24960,3
24961,18
24962,4
24963,8
24964,0
24965,8
24966,18
24967,19
24968,12
24969,17
24970,6
24971,5
24972,10
24973,13
24974,7
24975,9
24976,16
24977,15
24978,4
24979,8
24980,7
24981,17
24982,7
24983,13
24984,12
24985,12
24986,10
24987,13
24988,11
24989,12
24990,7
24991,0
24992,8
24993,3
24994,4
24995,6
24996,3
24997,11
24998,12
24999,18
25000,5
25001,19
25002,8
25003,5
25004,5
25005,3
25006,7
25007,0
25008,1
25009,5
25010,13
25011,16
25012,12
25013,17
25014,5
25015,17
25016,11
25017,18
25018,12
25019,1
25020,1
25021,12
25022,3
25023,1
25024,13
25025,12
25026,4
25027,7
25028,1
25029,3
25030,8
25031,8
25032,5
25033,17
25034,16
25035,8
25036,3
25037,12
25038,15
25039,18
25040,6
25041,1
25042,4
25043,10
25044,11
25045,7
25046,10
25047,4
25048,18
25049,16
25050,15
25051,7
25052,9
25053,19
25054,15
25055,4
25056,10
25057,10
25058,12
25059,13
25060,13
25061,19
25062,7
25063,6
25064,17
25065,0
25066,10
25067,6
25068,13
25069,0
25070,10
25071,2
25072,3
25073,7
25074,11
25075,8
25076,18
25077,10
25078,13
25079,9
25080,3
25081,13
25082,0
25083,13
25084,3
25085,9
25086,8
25087,13
25088,19
25089,18
25090,4
25091,12
25092,8
25093,19
25094,0
25095,8
25096,6
25097,5
25098,11
25099,3
25100,6
25101,13
25102,13
25103,3
25104,17
25105,6
25106,7
25107,2
25108,15
25109,10
25110,2
25111,14
25112,1
25113,6
25114,9
25115,18
25116,15
25117,6
25118,7
25119,9
25120,1
25121,1
25122,0
25123,13
25124,15
25125,13
25126,19
25127,13
25128,16
25129,4
25130,15
25131,19
25132,18
25133,17
25134,11
25135,7
25136,10
25137,4
25138,16
25139,7
25140,15
25141,0
25142,16
25143,5
25144,9
25145,16
25146,18
25147,14
25148,3
25149,9
25150,8
25151,5
25152,16
25153,13
25154,0
25155,7
25156,15
25157,4
25158,15
25159,11
25160,6
25161,10
25162,13
25163,17
25164,5
25165,14
25166,0
25167,7
25168,13
25169,7
25170,19
25171,2
25172,11
25173,17
25174,10
25175,19
25176,9
25177,16
25178,2
25179,5
25180,5
25181,8
25182,15
25183,15
25184,14
25185,2
25186,4
25187,3
25188,15
25189,8
25190,13
25191,10
25192,9
25193,4
25194,14
25195,15
25196,13
25197,7
25198,3
25199,5
25200,13
25201,3
25202,5
25203,4
25204,12
25205,19
25206,1
25207,6
25208,0
25209,6
25210,10
25211,0
25212,5
25213,11
25214,17
25215,5
25216,11
25217,5
25218,10
25219,2
25220,19
25221,5
25222,1
25223,1
25224,0
25225,16
25226,18
25227,8
25228,15
25229,14
25230,3
25231,15
25232,4
25233,3
25234,16
25235,16
25236,18
25237,15
25238,15
25239,15
25240,4
25241,12
25242,14
25243,19
25244,0
25245,16
25246,0
25247,3
25248,0
25249,7
25250,16
25251,15
25252,8
25253,10
25254,19
25255,17
25256,17
25257,13
25258,17
25259,9
25260,10
25261,9
25262,17
25263,0
25264,14
25265,0
25266,14
25267,4
25268,8
25269,2
25270,7
25271,15
25272,11
25273,2
25274,4
25275,12
25276,2
25277,0
25278,5
25279,15
25280,18
25281,0
25282,1
25283,0
25284,3
25285,1
25286,3
25287,8
25288,0
25289,2
25290,0
25291,7
25292,7
25293,8
25294,18
25295,15
25296,17
25297,15
25298,0
25299,12
25300,17
25301,16
25302,0
25303,18
25304,2
25305,19
25306,12
25307,8
25308,18
25309,7
25310,4
25311,14
25312,19
25313,15
25314,3
25315,3
25316,0
25317,2
25318,2
25319,10
25320,7
25321,5
25322,8
25323,13
25324,6
25325,19
25326,15
25327,8
25328,0
25329,12
25330,13
25331,8
25332,5
25333,19
25334,11
25335,16
25336,8
25337,13
25338,15
25339,19
25340,12
25341,18
25342,15
25343,18
25344,7
25345,1
25346,14
25347,12
25348,15
25349,15
25350,18
25351,7
25352,3
25353,10
25354,15
25355,12
25356,8
25357,2
25358,0
25359,15
25360,7
25361,8
25362,15
25363,16
25364,10
25365,17
25366,13
25367,18
25368,13
25369,3
25370,3
25371,19
25372,19
25373,8
25374,1
25375,1
25376,0
25377,7
25378,6
25379,17
25380,5
25381,10
25382,18
25383,2
25384,13
25385,1
25386,9
25387,7
25388,1
25389,0
25390,4
25391,3
25392,6
25393,10
25394,11
25395,16
25396,18
25397,13
25398,17
25399,2
25400,4
25401,3
25402,15
25403,16
25404,14
25405,10
25406,8
25407,13
25408,4
25409,18
25410,9
25411,7
25412,14
25413,8
25414,6
25415,0
25416,13
25417,15
25418,1
25419,8
25420,13
25421,0
25422,10
25423,9
25424,13
25425,0
25426,9
25427,14
25428,18
25429,13
25430,1
25431,10
25432,4
25433,15
25434,9
25435,14
25436,5
25437,16
25438,19
25439,7
25440,14
25441,19
25442,13
25443,18
25444,8
25445,18
25446,7
25447,12
25448,7
25449,0
25450,0
25451,0
25452,12
25453,11
25454,13
25455,10
25456,10
25457,2
25458,7
25459,6
25460,3
25461,6
25462,7
25463,5
25464,14
25465,6
25466,17
25467,6
25468,6
25469,1
25470,1
25471,15
25472,4
25473,9
25474,5
25475,9
25476,3
25477,6
25478,19
25479,19
25480,19
25481,10
25482,1
25483,8
25484,18
25485,0
25486,15
25487,11
25488,12
25489,3
25490,1
25491,5
25492,3
25493,1
25494,10
25495,0
25496,9
25497,12
25498,13
25499,15
25500,8
25501,13
25502,3
25503,7
25504,18
25505,13
25506,9
25507,4
25508,0
25509,17
25510,9
25511,14
25512,13
25513,9
25514,8
25515,0
25516,19
25517,7
25518,12
25519,3
25520,19
25521,15
25522,18
25523,2
25524,14
25525,13
25526,12
25527,7
25528,17
25529,15
25530,10
25531,0
25532,10
25533,16
25534,4
25535,19
25536,1
25537,8
25538,7
25539,0
25540,15
25541,12
25542,8
25543,2
25544,16
25545,4
25546,8
25547,18
25548,17
25549,7
25550,19
25551,18
25552,17
25553,1
25554,8
25555,2
25556,15
25557,8
25558,1
25559,5
25560,10
25561,17
25562,18
25563,4
25564,0
25565,16
25566,8
25567,3
25568,5
25569,15
25570,19
25571,13
25572,5
25573,16
25574,13
25575,1
25576,19
25577,11
25578,11
25579,19
25580,5
25581,12
25582,3
25583,2
25584,5
25585,14
25586,12
25587,18
25588,4
25589,18
25590,0
25591,0
25592,3
25593,12
25594,11
25595,0
25596,9
25597,4
25598,6
25599,3
25600,8
25601,2
25602,5
25603,16
25604,13
25605,11
25606,2
25607,2
25608,15
25609,7
25610,13
25611,3
25612,13
25613,18
25614,18
25615,12
25616,9
25617,13
25618,12
25619,18
25620,0
25621,18
25622,3
25623,5
25624,8
25625,13
25626,6
25627,7
25628,12
25629,12
25630,15
25631,19
25632,18
25633,7
25634,8
25635,12
25636,9
25637,16
25638,18
25639,17
25640,8
25641,12
25642,0
25643,18
25644,8
25645,8
25646,15
25647,18
25648,9
25649,10
25650,17
25651,14
25652,14
25653,14
25654,8
25655,15
25656,9
25657,5
25658,1
25659,13
25660,0
25661,3
25662,2
25663,7
25664,9
25665,8
25666,0
25667,8
25668,3
25669,1
25670,1
25671,7
25672,18
25673,6
25674,5
25675,4
25676,13
25677,8
25678,15
25679,3
25680,15
25681,8
25682,5
25683,13
25684,0
25685,10
25686,3
25687,19
25688,13
25689,3
25690,6
25691,5
25692,2
25693,7
25694,5
25695,18
25696,2
25697,15
25698,6
25699,19
25700,19
25701,2
25702,16
25703,0
25704,6
25705,7
25706,18
25707,10
25708,15
25709,1
25710,9
25711,1
25712,10
25713,14
25714,14
25715,0
25716,18
25717,18
25718,15
25719,18
25720,17
25721,12
25722,15
25723,17
25724,18
25725,13
25726,18
25727,18
25728,12
25729,16
25730,17
25731,7
25732,12
25733,8
25734,9
25735,6
25736,18
25737,13
25738,3
25739,17
25740,18
25741,18
25742,15
25743,19
25744,18
25745,7
25746,5
25747,6
25748,9
25749,4
25750,11
25751,1
25752,12
25753,18
25754,19
25755,8
25756,2
25757,1
25758,10
25759,2
25760,12
25761,10
25762,13
25763,9
25764,12
25765,16
25766,6
25767,5
25768,18
25769,17
25770,12
25771,0
25772,15
25773,9
25774,6
25775,1
25776,13
25777,18
25778,5
25779,17
25780,19
25781,17
25782,13
25783,15
25784,5
25785,7
25786,4
25787,9
25788,6
25789,4
25790,11
25791,14
25792,1
25793,12
25794,8
25795,17
25796,5
25797,18
25798,1
25799,7
25800,11
25801,0
25802,17
25803,10
25804,8
25805,10
25806,14
25807,19
25808,15
25809,6
25810,19
25811,15
25812,6
25813,13
25814,15
25815,10
25816,6
25817,18
25818,4
25819,2
25820,9
25821,8
25822,4
25823,2
25824,19
25825,12
25826,18
25827,16
25828,7
25829,7
25830,9
25831,10
25832,13
25833,3
25834,2
25835,12
25836,19
25837,3
25838,3
25839,12
25840,18
25841,2
25842,4
25843,13
25844,13
25845,4
25846,5
25847,12
25848,16
25849,16
25850,0
25851,8
25852,18
25853,15
25854,13
25855,3
25856,5
25857,16
25858,18
25859,0
25860,11
25861,10
25862,15
25863,5
25864,17
25865,0
25866,18
25867,8
25868,6
25869,1
25870,10
25871,0
25872,6
25873,7
25874,9
25875,2
25876,18
25877,13
25878,19
25879,8
25880,6
25881,9
25882,18
25883,4
25884,5
25885,5
25886,12
25887,14
25888,7
25889,13
25890,14
25891,3
25892,12
25893,9
25894,6
25895,10
25896,8
25897,13
25898,19
25899,17
25900,0
25901,2
25902,12
25903,7
25904,10
25905,13
25906,10
25907,4
25908,17
25909,4
25910,7
25911,19
25912,2
25913,13
25914,19
25915,0
25916,5
25917,7
25918,13
25919,12
25920,11
25921,0
25922,2
25923,15
25924,0
25925,8
25926,3
25927,0
25928,9
25929,5
25930,11
25931,14
25932,14
25933,2
25934,1
25935,12
25936,1
25937,0
25938,1
25939,7
25940,18
25941,1
25942,1
25943,5
25944,2
25945,14
25946,1
25947,3
25948,0
25949,16
25950,6
25951,0
25952,7
25953,5
25954,10
25955,18
25956,16
25957,18
25958,8
25959,2
25960,14
25961,7
25962,2
25963,9
25964,12
25965,17
25966,4
25967,8
25968,11
25969,3
25970,17
25971,12
25972,10
25973,5
25974,9
25975,6
25976,9
25977,5
25978,7
25979,10
25980,2
25981,5
25982,3
25983,4
25984,1
25985,4
25986,0
25987,4
25988,18
25989,8
25990,7
25991,7
25992,0
25993,10
25994,9
25995,1
25996,9
25997,4
25998,7
25999,16
26000,0
26001,9
26002,15
26003,13
26004,0
26005,13
26006,11
26007,12
26008,8
26009,5
26010,15
26011,0
26012,1
26013,17
26014,15
26015,3
26016,15
26017,1
26018,11
26019,14
26020,0
26021,10
26022,19
26023,12
26024,14
26025,2
26026,15
26027,7
26028,6
26029,15
26030,19
26031,18
26032,6
26033,16
26034,17
26035,0
26036,1
26037,3
26038,8
26039,5
26040,12
26041,16
26042,18
26043,1
26044,0
26045,5
26046,11
26047,12
26048,7
26049,18
26050,12
26051,17
26052,13
26053,18
26054,17
26055,5
26056,2
26057,18
26058,3
26059,15
26060,8
26061,15
26062,16
26063,14
26064,18
26065,13
26066,12
26067,6
26068,9
26069,16
26070,18
26071,16
26072,13
26073,5
26074,12
26075,13
26076,9
26077,7
26078,7
26079,18
26080,5
26081,8
26082,13
26083,17
26084,18
26085,18
26086,18
26087,9
26088,18
26089,1
26090,7
26091,7
26092,6
26093,15
26094,13
26095,0
26096,16
26097,0
26098,7
26099,6
26100,18
26101,13
26102,19
26103,19
26104,4
26105,12
26106,15
26107,11
26108,18
26109,7
26110,11
26111,5
26112,16
26113,16
26114,17
26115,9
26116,10
26117,13
26118,0
26119,9
26120,15
26121,11
26122,8
26123,5
26124,3
26125,13
26126,11
26127,19
26128,1
26129,18
26130,5
26131,0
26132,3
26133,8
26134,9
26135,9
26136,0
26137,6
26138,18
26139,10
26140,18
26141,7
26142,0
26143,4
26144,5
26145,15
26146,15
26147,1
26148,8
26149,3
26150,0
26151,10
26152,15
26153,18
26154,12
26155,18
26156,13
26157,15
26158,6
26159,13
26160,14
26161,5
26162,13
26163,12
26164,8
26165,13
26166,18
26167,12
26168,16
26169,18
26170,6
26171,13
26172,10
26173,18
26174,8
26175,3
26176,19
26177,17
26178,4
26179,1
26180,14
26181,1
26182,18
26183,10
26184,11
26185,6
26186,0
26187,9
26188,2
26189,19
26190,6
26191,13
26192,17
26193,12
26194,2
26195,7
26196,4
26197,10
26198,13
26199,15
26200,1
26201,6
26202,8
26203,1
26204,12
26205,4
26206,1
26207,2
26208,3
26209,0
26210,9
26211,12
26212,19
26213,0
26214,3
26215,1
26216,8
26217,8
26218,0
26219,19
26220,8
26221,17
26222,13
26223,4
26224,15
26225,18
26226,18
26227,4
26228,18
26229,17
26230,12
26231,2
26232,15
26233,13
26234,5
26235,18
26236,6
26237,16
26238,2
26239,3
26240,1
26241,16
26242,10
26243,13
26244,18
26245,7
26246,12
26247,9
26248,15
26249,6
26250,10
26251,18
26252,7
26253,13
26254,7
26255,14
26256,15
26257,12
26258,18
26259,1
26260,4
26261,14
26262,8
26263,18
26264,2
26265,15
26266,8
26267,12
26268,7
26269,15
26270,11
26271,19
26272,18
26273,1
26274,9
26275,9
26276,2
26277,8
26278,1
26279,14
26280,12
26281,11
26282,7
26283,0
26284,17
26285,6
26286,19
26287,8
26288,7
26289,8
26290,3
26291,0
26292,10
26293,3
26294,4
26295,9
26296,4
26297,18
26298,16
26299,19
26300,0
26301,10
26302,11
26303,7
26304,7
26305,5
26306,4
26307,1
26308,5
26309,16
26310,18
26311,4
26312,6
26313,3
26314,3
26315,18
26316,11
26317,13
26318,15
26319,6
26320,1
26321,1
26322,16
26323,5
26324,14
26325,5
26326,15
26327,13
26328,3
26329,2
26330,19
26331,9
26332,10
26333,13
26334,8
26335,8
26336,5
26337,7
26338,9
26339,4
26340,5
26341,18
26342,18
26343,0
26344,7
26345,18
26346,8
26347,7
26348,0
26349,5
26350,10
26351,7
26352,16
26353,3
26354,18
26355,10
26356,6
26357,17
26358,14
26359,19
26360,13
26361,11
26362,13
26363,16
26364,7
26365,7
26366,5
26367,4
26368,19
26369,7
26370,7
26371,12
26372,4
26373,0
26374,0
26375,7
26376,19
26377,13
26378,12
26379,16
26380,8
26381,10
26382,15
26383,16
26384,12
26385,3
26386,7
26387,8
26388,15
26389,9
26390,9
26391,4
26392,6
26393,19
26394,5
26395,18
26396,6
26397,12
26398,9
26399,7
26400,0
26401,7
26402,3
26403,3
26404,10
26405,17
26406,15
26407,9
26408,7
26409,18
26410,19
26411,3
26412,10
26413,7
26414,11
26415,18
26416,13
26417,10
26418,4
26419,12
26420,3
26421,14
26422,19
26423,7
26424,17
26425,6
26426,12
26427,3
26428,11
26429,14
